Scheme,Message Size,Run,KeyGen Time,Enc Time,Dec Time,Ciphertext Size
EC-LWE (RFC9380),16,1,0.0610149004496634,0.09192440006881952,0.04677389981225133,65
EC-LWE (RFC9380),16,2,0.045512800104916096,0.103653599973768,0.05052489973604679,65
EC-LWE (RFC9380),16,3,0.04611760005354881,0.09915350005030632,0.04787430027499795,65
EC-LWE (RFC9380),16,4,0.04877150012180209,0.092573800124228,0.05032060015946627,65
EC-LWE (RFC9380),16,5,0.04663660004734993,0.1031746999360621,0.04971110029146075,65
EC-LWE (RFC9380),16,6,0.04748730035498738,0.09347360022366047,0.04795149993151426,65
EC-LWE (RFC9380),16,7,0.04796339990571141,0.09149890020489693,0.04761729994788766,65
EC-LWE (RFC9380),16,8,0.04487159987911582,0.0960466000251472,0.04660869995132089,65
EC-LWE (RFC9380),16,9,0.04546730034053326,0.09083920018747449,0.04943549958989024,65
EC-LWE (RFC9380),16,10,0.047383599914610386,0.0905135003849864,0.04593589995056391,65
EC-LWE (RFC9380),16,11,0.04676409997045994,0.10554079990833998,0.05860990006476641,65
EC-LWE (RFC9380),16,12,0.049757900182157755,0.09543479979038239,0.04820859991014004,65
EC-LWE (RFC9380),16,13,0.048518599942326546,0.09891149960458279,0.05151430005207658,65
EC-LWE (RFC9380),16,14,0.050609400030225515,0.09674939978867769,0.05059819994494319,65
EC-LWE (RFC9380),16,15,0.04892829991877079,0.09689290029928088,0.04677450004965067,65
EC-LWE (RFC9380),16,16,0.04476730013266206,0.09491740027442575,0.04710269998759031,65
EC-LWE (RFC9380),16,17,0.046115100383758545,0.0976634998805821,0.04596700007095933,65
EC-LWE (RFC9380),16,18,0.046439300291240215,0.09489830024540424,0.04718059999868274,65
EC-LWE (RFC9380),16,19,0.05121929990127683,0.09644680004566908,0.04742139996960759,65
EC-LWE (RFC9380),16,20,0.046595700085163116,0.09849390015006065,0.04674070002511144,65
EC-LWE (RFC9380),16,21,0.04652859969064593,0.10125230019912124,0.04856620030477643,65
EC-LWE (RFC9380),16,22,0.04623760003596544,0.0912474999204278,0.05021290015429258,65
EC-LWE (RFC9380),16,23,0.0546059999614954,0.10091949999332428,0.0535546001046896,65
EC-LWE (RFC9380),16,24,0.05276780016720295,0.0934473997913301,0.04862899985164404,65
EC-LWE (RFC9380),16,25,0.04463750030845404,0.0948481997475028,0.047330299858003855,65
EC-LWE (RFC9380),16,26,0.04535969998687506,0.09575509978458285,0.0485920999199152,65
EC-LWE (RFC9380),16,27,0.04651490040123463,0.08967809984460473,0.046035700011998415,65
EC-LWE (RFC9380),16,28,0.046998600009828806,0.09598249988630414,0.048818400129675865,65
EC-LWE (RFC9380),16,29,0.04548580013215542,0.10787689965218306,0.054027900099754333,65
EC-LWE (RFC9380),16,30,0.04807570017874241,0.09509479999542236,0.052226100116968155,65
EC-LWE (RFC9380),16,31,0.045972200110554695,0.09503309987485409,0.0476565002463758,65
EC-LWE (RFC9380),16,32,0.05036019999533892,0.09504930023103952,0.04877279978245497,65
EC-LWE (RFC9380),16,33,0.04578630020841956,0.09018660010769963,0.05000519985333085,65
EC-LWE (RFC9380),16,34,0.04576499992981553,0.09566590003669262,0.04661880014464259,65
EC-LWE (RFC9380),16,35,0.048234700225293636,0.09874710021540523,0.048196000047028065,65
EC-LWE (RFC9380),16,36,0.04610780021175742,0.09535609977319837,0.04714819975197315,65
EC-LWE (RFC9380),16,37,0.04661160008981824,0.09579609986394644,0.04861429985612631,65
EC-LWE (RFC9380),16,38,0.04695679992437363,0.0925390999764204,0.04623069986701012,65
EC-LWE (RFC9380),16,39,0.0447195996530354,0.09346010023728013,0.04698579991236329,65
EC-LWE (RFC9380),16,40,0.04860789980739355,0.09676750004291534,0.049797500018030405,65
EC-LWE (RFC9380),16,41,0.04733449965715408,0.10272770002484322,0.05519760027527809,65
EC-LWE (RFC9380),16,42,0.0499426000751555,0.09286129986867309,0.04833950009196997,65
EC-LWE (RFC9380),16,43,0.045488600153476,0.09362039994448423,0.04854279989376664,65
EC-LWE (RFC9380),16,44,0.04650220042094588,0.12486129999160767,0.04847809998318553,65
EC-LWE (RFC9380),16,45,0.04775459971278906,0.09374890010803938,0.05653539998456836,65
EC-LWE (RFC9380),16,46,0.052952100057154894,0.09419779991731048,0.047804399859160185,65
EC-LWE (RFC9380),16,47,0.0486568002961576,0.09070220030844212,0.04801220027729869,65
EC-LWE (RFC9380),16,48,0.04687319975346327,0.0895066000521183,0.050153200048953295,65
EC-LWE (RFC9380),16,49,0.04589579999446869,0.10559910023584962,0.054018800146877766,65
EC-LWE (RFC9380),16,50,0.0490858000703156,0.11390830017626286,0.05165360029786825,65
EC-LWE (RFC9380),32,1,0.049698200076818466,0.11264349985867739,0.05087929964065552,65
EC-LWE (RFC9380),32,2,0.04633609997108579,0.0887703001499176,0.04685329971835017,65
EC-LWE (RFC9380),32,3,0.046331599820405245,0.09003379987552762,0.04701450001448393,65
EC-LWE (RFC9380),32,4,0.042798500042408705,0.0952377999201417,0.04458139976486564,65
EC-LWE (RFC9380),32,5,0.04465069994330406,0.09207329992204905,0.045740199740976095,65
EC-LWE (RFC9380),32,6,0.043675499968230724,0.1084109996445477,0.05059870006516576,65
EC-LWE (RFC9380),32,7,0.04474190017208457,0.09241220029070973,0.04565880028530955,65
EC-LWE (RFC9380),32,8,0.045954300090670586,0.09115019999444485,0.046738799661397934,65
EC-LWE (RFC9380),32,9,0.043980199843645096,0.09823230002075434,0.051045000087469816,65
EC-LWE (RFC9380),32,10,0.049002999905496836,0.15063749998807907,0.05356989987194538,65
EC-LWE (RFC9380),32,11,0.048892300110310316,0.0935788000933826,0.047363600227981806,65
EC-LWE (RFC9380),32,12,0.046136099845170975,0.09239439992234111,0.047461400274187326,65
EC-LWE (RFC9380),32,13,0.04411140037700534,0.09128080029040575,0.04443180002272129,65
EC-LWE (RFC9380),32,14,0.04552600020542741,0.09013979975134134,0.046714700292795897,65
EC-LWE (RFC9380),32,15,0.046153000090271235,0.09328739996999502,0.047900000121444464,65
EC-LWE (RFC9380),32,16,0.0439083999954164,0.09301230031996965,0.04409280000254512,65
EC-LWE (RFC9380),32,17,0.04537809966132045,0.09095890028402209,0.04723889986053109,65
EC-LWE (RFC9380),32,18,0.04724749969318509,0.09326010011136532,0.04925989964976907,65
EC-LWE (RFC9380),32,19,0.04617130011320114,0.09119149995967746,0.04722089972347021,65
EC-LWE (RFC9380),32,20,0.04429150000214577,0.08673409977927804,0.04601480020210147,65
EC-LWE (RFC9380),32,21,0.04643090022727847,0.09388970024883747,0.04805330000817776,65
EC-LWE (RFC9380),32,22,0.045908700209110975,0.08887810027226806,0.04592790035530925,65
EC-LWE (RFC9380),32,23,0.04868300026282668,0.12001949967816472,0.047653399873524904,65
EC-LWE (RFC9380),32,24,0.04599749995395541,0.10083100013434887,0.04833090025931597,65
EC-LWE (RFC9380),32,25,0.05600650003179908,0.10007779998704791,0.04791070008650422,65
EC-LWE (RFC9380),32,26,0.061912099830806255,0.11841929983347654,0.05789830023422837,65
EC-LWE (RFC9380),32,27,0.049864699598401785,0.09257690003141761,0.12402979983016849,65
EC-LWE (RFC9380),32,28,0.07502980018034577,0.11075880005955696,0.050732099916785955,65
EC-LWE (RFC9380),32,29,0.04705200018361211,0.11023040022701025,0.05545699968934059,65
EC-LWE (RFC9380),32,30,0.06373290019109845,0.10307379998266697,0.04797770036384463,65
EC-LWE (RFC9380),32,31,0.05924919992685318,0.13099589990451932,0.05838079983368516,65
EC-LWE (RFC9380),32,32,0.049853399861603975,0.11127140000462532,0.06046169996261597,65
EC-LWE (RFC9380),32,33,0.04539050022140145,0.11335860006511211,0.04830010002478957,65
EC-LWE (RFC9380),32,34,0.04704059986397624,0.09529919968917966,0.07111030025407672,65
EC-LWE (RFC9380),32,35,0.0561015997081995,0.10832630004733801,0.04736139997839928,65
EC-LWE (RFC9380),32,36,0.056069300044327974,0.13768629962578416,0.04638669965788722,65
EC-LWE (RFC9380),32,37,0.05737139983102679,0.092452900018543,0.07015020027756691,65
EC-LWE (RFC9380),32,38,0.04495680006220937,0.10676260013133287,0.06578589975833893,65
EC-LWE (RFC9380),32,39,0.0813243999145925,0.11996740009635687,0.047482000198215246,65
EC-LWE (RFC9380),32,40,0.05333359958603978,0.10330739989876747,0.05132990004494786,65
EC-LWE (RFC9380),32,41,0.06747950008139014,0.1325742001645267,0.05024399980902672,65
EC-LWE (RFC9380),32,42,0.05553999962285161,0.10548489959910512,0.04969060001894832,65
EC-LWE (RFC9380),32,43,0.06473520025610924,0.09435050003230572,0.05542680015787482,65
EC-LWE (RFC9380),32,44,0.051535400096327066,0.10280989995226264,0.05636839987710118,65
EC-LWE (RFC9380),32,45,0.04527939995750785,0.10459249978885055,0.0669126003049314,65
EC-LWE (RFC9380),32,46,0.05849169986322522,0.11798990005627275,0.04393380042165518,65
EC-LWE (RFC9380),32,47,0.05377739993855357,0.11170920031145215,0.04958060011267662,65
EC-LWE (RFC9380),32,48,0.056168700102716684,0.10456090001389384,0.046329400036484,65
EC-LWE (RFC9380),32,49,0.05770900007337332,0.09686550032347441,0.045750999823212624,65
EC-LWE (RFC9380),32,50,0.04396759998053312,0.14494780031964183,0.049674700014293194,65
EC-LWE (RFC9380),64,1,0.06867970013990998,0.21150559978559613,0.11920300032943487,130
EC-LWE (RFC9380),64,2,0.051165399607270956,0.2084014001302421,0.109572300221771,130
EC-LWE (RFC9380),64,3,0.04547980008646846,0.21334180003032088,0.10009009996429086,130
EC-LWE (RFC9380),64,4,0.0655274000018835,0.2787592001259327,0.11786419991403818,130
EC-LWE (RFC9380),64,5,0.05932769970968366,0.22299559973180294,0.11715110018849373,130
EC-LWE (RFC9380),64,6,0.05471449997276068,0.22025209991261363,0.10513760009780526,130
EC-LWE (RFC9380),64,7,0.07478390028700233,0.20155869983136654,0.11842550011351705,130
EC-LWE (RFC9380),64,8,0.05876820022240281,0.2187363998964429,0.10290379961952567,130
EC-LWE (RFC9380),64,9,0.048071800265461206,0.19565220037475228,0.09430560003966093,130
EC-LWE (RFC9380),64,10,0.05180859984830022,0.30354700004681945,0.14453750010579824,130
EC-LWE (RFC9380),64,11,0.061907199677079916,0.28022499987855554,0.14004179975017905,130
EC-LWE (RFC9380),64,12,0.06417370028793812,0.26834220020100474,0.11407489981502295,130
EC-LWE (RFC9380),64,13,0.056388599798083305,0.24144440004602075,0.1445204997435212,130
EC-LWE (RFC9380),64,14,0.05088349990546703,0.21270509995520115,0.10768839996308088,130
EC-LWE (RFC9380),64,15,0.048561299685388803,0.2329239002428949,0.1303532999008894,130
EC-LWE (RFC9380),64,16,0.045112499967217445,0.2267114999704063,0.10734970029443502,130
EC-LWE (RFC9380),64,17,0.0473858998157084,0.23762400029227138,0.10136480024084449,130
EC-LWE (RFC9380),64,18,0.04761250037699938,0.19258080003783107,0.1032542996108532,130
EC-LWE (RFC9380),64,19,0.05699630035087466,0.19625129969790578,0.09957170020788908,130
EC-LWE (RFC9380),64,20,0.047525400295853615,0.23566609993577003,0.127967800013721,130
EC-LWE (RFC9380),64,21,0.04899450019001961,0.20374609995633364,0.10011619981378317,130
EC-LWE (RFC9380),64,22,0.06288730027154088,0.20790140004828572,0.1223224001005292,130
EC-LWE (RFC9380),64,23,0.0640111998654902,0.22096629999578,0.10954720014706254,130
EC-LWE (RFC9380),64,24,0.047657900024205446,0.22405159985646605,0.1004568999633193,130
EC-LWE (RFC9380),64,25,0.05371070001274347,0.19108380004763603,0.09152279980480671,130
EC-LWE (RFC9380),64,26,0.04866600036621094,0.2203660998493433,0.10038730036467314,130
EC-LWE (RFC9380),64,27,0.05102999974042177,0.21031020022928715,0.12019090028479695,130
EC-LWE (RFC9380),64,28,0.04525119997560978,0.1996577000245452,0.11280549969524145,130
EC-LWE (RFC9380),64,29,0.044360300060361624,0.22938759997487068,0.11920690024271607,130
EC-LWE (RFC9380),64,30,0.050369799602776766,0.23270490020513535,0.09709700010716915,130
EC-LWE (RFC9380),64,31,0.06756140012294054,0.21483139973133802,0.11471639992669225,130
EC-LWE (RFC9380),64,32,0.07141070021316409,0.20633309986442327,0.10654699988663197,130
EC-LWE (RFC9380),64,33,0.05424199998378754,0.2229766002856195,0.10329530015587807,130
EC-LWE (RFC9380),64,34,0.06020680023357272,0.2149426001124084,0.11224470008164644,130
EC-LWE (RFC9380),64,35,0.059676000382751226,0.2534989998675883,0.10236330004408956,130
EC-LWE (RFC9380),64,36,0.06513520004227757,0.2373497998341918,0.11826220015063882,130
EC-LWE (RFC9380),64,37,0.0578744001686573,0.21545519959181547,0.10775489965453744,130
EC-LWE (RFC9380),64,38,0.06532800011336803,0.21371319983154535,0.12696229992434382,130
EC-LWE (RFC9380),64,39,0.06294089974835515,0.24375389982014894,0.11908819992095232,130
EC-LWE (RFC9380),64,40,0.04361890023574233,0.2169393002986908,0.08926319982856512,130
EC-LWE (RFC9380),64,41,0.05739850038662553,0.23308779997751117,0.10788000002503395,130
EC-LWE (RFC9380),64,42,0.05274159973487258,0.19381870003417134,0.10918360017240047,130
EC-LWE (RFC9380),64,43,0.06348309991881251,0.23278089985251427,0.11276340018957853,130
EC-LWE (RFC9380),64,44,0.07363380026072264,0.21113080019131303,0.09985780017450452,130
EC-LWE (RFC9380),64,45,0.04480600031092763,0.21335679991170764,0.11338509991765022,130
EC-LWE (RFC9380),64,46,0.04476690012961626,0.23325280006974936,0.11563970008864999,130
EC-LWE (RFC9380),64,47,0.04425490042194724,0.22404020000249147,0.10476829996332526,130
EC-LWE (RFC9380),64,48,0.046744999941438437,0.20385889988392591,0.09433580003678799,130
EC-LWE (RFC9380),64,49,0.0697224996984005,0.23990389984101057,0.11937300022691488,130
EC-LWE (RFC9380),64,50,0.04950510011985898,0.21675190003588796,0.10691760014742613,130
EC-LWE (RFC9380),128,1,0.06767760030925274,0.4676437000744045,0.22396949958056211,260
EC-LWE (RFC9380),128,2,0.051164399832487106,0.4276700997725129,0.1913053998723626,260
EC-LWE (RFC9380),128,3,0.04822399979457259,0.40528610022738576,0.22469729976728559,260
EC-LWE (RFC9380),128,4,0.05662659974768758,0.40188270015642047,0.20025329990312457,260
EC-LWE (RFC9380),128,5,0.05502730002626777,0.4579525999724865,0.20199650013819337,260
EC-LWE (RFC9380),128,6,0.04860750027000904,0.44848869973793626,0.22764170030131936,260
EC-LWE (RFC9380),128,7,0.05798669997602701,0.3963635000400245,0.2325654998421669,260
EC-LWE (RFC9380),128,8,0.0437219999730587,0.40450820000842214,0.2014351999387145,260
EC-LWE (RFC9380),128,9,0.06402770010754466,0.46517520025372505,0.23756599985063076,260
EC-LWE (RFC9380),128,10,0.0590443997643888,0.45173870027065277,0.2294550002552569,260
EC-LWE (RFC9380),128,11,0.05806040018796921,0.48649709997698665,0.20535389985889196,260
EC-LWE (RFC9380),128,12,0.04372050007805228,0.44721340015530586,0.17922240030020475,260
EC-LWE (RFC9380),128,13,0.047253699973225594,0.47953719971701503,0.2248738002963364,260
EC-LWE (RFC9380),128,14,0.07119549997150898,0.44017119985073805,0.21968749957159162,260
EC-LWE (RFC9380),128,15,0.053189399652183056,0.4102214998565614,0.21635879995301366,260
EC-LWE (RFC9380),128,16,0.04676399985328317,0.42690759990364313,0.21954430034384131,260
EC-LWE (RFC9380),128,17,0.05986250005662441,0.41514249984174967,0.23062539985403419,260
EC-LWE (RFC9380),128,18,0.04411290027201176,0.41786309983581305,0.21010470017790794,260
EC-LWE (RFC9380),128,19,0.06300119962543249,0.4415795002132654,0.22305550007149577,260
EC-LWE (RFC9380),128,20,0.04595450032502413,0.4319064998999238,0.19940759986639023,260
EC-LWE (RFC9380),128,21,0.05666990019381046,0.43855670001357794,0.2226713001728058,260
EC-LWE (RFC9380),128,22,0.055071699898689985,0.4041237998753786,0.20923650031909347,260
EC-LWE (RFC9380),128,23,0.045130299869924784,0.388595899567008,0.19840330025181174,260
EC-LWE (RFC9380),128,24,0.04950940003618598,0.4497559000737965,0.24582399986684322,260
EC-LWE (RFC9380),128,25,0.04517229972407222,0.41446400014683604,0.23737889993935823,260
EC-LWE (RFC9380),128,26,0.06116200005635619,0.4253361001610756,0.2240069997496903,260
EC-LWE (RFC9380),128,27,0.06277320021763444,0.44654079992324114,0.25375810032710433,260
EC-LWE (RFC9380),128,28,0.07271510036662221,0.4261368000879884,0.23038089973852038,260
EC-LWE (RFC9380),128,29,0.053534300066530704,0.4651255998760462,0.2428235998377204,260
EC-LWE (RFC9380),128,30,0.05549139995127916,0.41032749973237514,0.2248921999707818,260
EC-LWE (RFC9380),128,31,0.06754740001633763,0.44465590035542846,0.21839010016992688,260
EC-LWE (RFC9380),128,32,0.058494099881500006,0.40423709992319345,0.22518139984458685,260
EC-LWE (RFC9380),128,33,0.07272660033777356,0.43362100003287196,0.20886330027133226,260
EC-LWE (RFC9380),128,34,0.06442009983584285,0.3832844002172351,0.20946389995515347,260
EC-LWE (RFC9380),128,35,0.06415089964866638,0.42766950000077486,0.21576100029051304,260
EC-LWE (RFC9380),128,36,0.04590220004320145,0.42439609998837113,0.24488750007003546,260
EC-LWE (RFC9380),128,37,0.051124200224876404,0.41153829963877797,0.19828559970483184,260
EC-LWE (RFC9380),128,38,0.04773689992725849,0.4199637002311647,0.20843439968302846,260
EC-LWE (RFC9380),128,39,0.04547880031168461,0.4413397996686399,0.21690330002456903,260
EC-LWE (RFC9380),128,40,0.05415630014613271,0.45884869992733,0.19470630027353764,260
EC-LWE (RFC9380),128,41,0.059085499960929155,0.45828199991956353,0.2495999000966549,260
EC-LWE (RFC9380),128,42,0.0453298999927938,0.4831212996505201,0.2262450996786356,260
EC-LWE (RFC9380),128,43,0.05213470011949539,0.3987074997276068,0.21083269966766238,260
EC-LWE (RFC9380),128,44,0.04686729982495308,0.3862373000010848,0.22802359983325005,260
EC-LWE (RFC9380),128,45,0.06758389994502068,0.42835549963638186,0.21211150009185076,260
EC-LWE (RFC9380),128,46,0.04959579976275563,0.38818700006231666,0.26604600017890334,260
EC-LWE (RFC9380),128,47,0.0518991001881659,0.3907910003326833,0.20399519987404346,260
EC-LWE (RFC9380),128,48,0.06723799975588918,0.42291920026764274,0.20594969997182488,260
EC-LWE (RFC9380),128,49,0.04979130020365119,0.4661424998193979,0.2146446998231113,260
EC-LWE (RFC9380),128,50,0.06226330017670989,0.44221749994903803,0.197936300188303,260
EC-LWE (RFC9380),256,1,0.061308799777179956,0.8779767001979053,0.43433429999276996,520
EC-LWE (RFC9380),256,2,0.04693480022251606,0.9000349999405444,0.45689669996500015,520
EC-LWE (RFC9380),256,3,0.05481560016050935,0.8460152000188828,0.4330760999582708,520
EC-LWE (RFC9380),256,4,0.054442299995571375,0.8403912000358105,0.44785659993067384,520
EC-LWE (RFC9380),256,5,0.05743409972637892,0.8809095998294652,0.47209789976477623,520
EC-LWE (RFC9380),256,6,0.058379600290209055,0.926146199926734,0.41602500015869737,520
EC-LWE (RFC9380),256,7,0.043664300348609686,0.844902700278908,0.39468659972772,520
EC-LWE (RFC9380),256,8,0.05344300018623471,0.8459120001643896,0.46537019964307547,520
EC-LWE (RFC9380),256,9,0.04800239996984601,0.8692580000497401,0.443769000004977,520
EC-LWE (RFC9380),256,10,0.06755030015483499,0.799727899953723,0.4535699998959899,520
EC-LWE (RFC9380),256,11,0.06427940027788281,0.8447675001807511,0.4364372999407351,520
EC-LWE (RFC9380),256,12,0.0662890998646617,0.8642457998357713,0.4346610000357032,520
EC-LWE (RFC9380),256,13,0.04905560007318854,0.88282569963485,0.43085210025310516,520
EC-LWE (RFC9380),256,14,0.0501056001521647,0.8304746998474002,0.48699240013957024,520
EC-LWE (RFC9380),256,15,0.0654267999343574,0.8362539000809193,0.45815139962360263,520
EC-LWE (RFC9380),256,16,0.04323479998856783,0.8538274001330137,0.434856700245291,520
EC-LWE (RFC9380),256,17,0.046197999734431505,0.8690152000635862,0.41196259995922446,520
EC-LWE (RFC9380),256,18,0.05221370002254844,0.8001525001600385,0.438293700106442,520
EC-LWE (RFC9380),256,19,0.055884100031107664,0.8243880001828074,0.4297950998879969,520
EC-LWE (RFC9380),256,20,0.04863860039040446,0.8266141996718943,0.37875090027228,520
EC-LWE (RFC9380),256,21,0.04931779997423291,0.7838273998349905,0.3658456997945905,520
EC-LWE (RFC9380),256,22,0.04362049978226423,0.7216163999401033,0.362799399998039,520
EC-LWE (RFC9380),256,23,0.04707879992201924,0.7363929999992251,0.3828281997703016,520
EC-LWE (RFC9380),256,24,0.04635330010205507,0.763592999894172,0.3714467999525368,520
EC-LWE (RFC9380),256,25,0.04589519975706935,0.7364766001701355,0.3691857000812888,520
EC-LWE (RFC9380),256,26,0.04662559973075986,0.7244143998250365,0.3812241000123322,520
EC-LWE (RFC9380),256,27,0.04570650029927492,0.7284299000166357,0.38196100015193224,520
EC-LWE (RFC9380),256,28,0.04283910011872649,0.7170907002873719,0.36013759998604655,520
EC-LWE (RFC9380),256,29,0.04445939976722002,0.7366575999185443,0.3662351001985371,520
EC-LWE (RFC9380),256,30,0.04511660011485219,0.7338676997460425,0.3685114001855254,520
EC-LWE (RFC9380),256,31,0.04682950023561716,0.7420902997255325,0.3644619998522103,520
EC-LWE (RFC9380),256,32,0.04553550016134977,0.732634300366044,0.3569121998734772,520
EC-LWE (RFC9380),256,33,0.044410299975425005,0.7293667001649737,0.361964900046587,520
EC-LWE (RFC9380),256,34,0.04423370026051998,0.7567568998783827,0.36497619980946183,520
EC-LWE (RFC9380),256,35,0.0446208999492228,0.7223285003565252,0.35297170002013445,520
EC-LWE (RFC9380),256,36,0.04391429992392659,0.7211373001337051,0.36251890007406473,520
EC-LWE (RFC9380),256,37,0.04491360019892454,0.7236970998346806,0.3601700998842716,520
EC-LWE (RFC9380),256,38,0.04488079994916916,0.7204420999623835,0.3693822002969682,520
EC-LWE (RFC9380),256,39,0.04409499978646636,0.7248921003192663,0.35896340012550354,520
EC-LWE (RFC9380),256,40,0.043710900004953146,0.7173422002233565,0.35520320013165474,520
EC-LWE (RFC9380),256,41,0.0459823003038764,0.7241246998310089,0.36955610010772943,520
EC-LWE (RFC9380),256,42,0.04481509979814291,0.9551075999625027,0.37864380003884435,520
EC-LWE (RFC9380),256,43,0.04416929977014661,0.7636561002582312,0.36225209990516305,520
EC-LWE (RFC9380),256,44,0.0442395000718534,0.739750400185585,0.3603147999383509,520
EC-LWE (RFC9380),256,45,0.04462140006944537,0.7215451002120972,0.36570109985768795,520
EC-LWE (RFC9380),256,46,0.044578700326383114,0.7143026003614068,0.3572343997657299,520
EC-LWE (RFC9380),256,47,0.04460550006479025,0.7232164996676147,0.36402330035343766,520
EC-LWE (RFC9380),256,48,0.045231500174850225,0.7183449999429286,0.3702199999243021,520
EC-LWE (RFC9380),256,49,0.04608639981597662,0.7204475002363324,0.3718637996353209,520
EC-LWE (RFC9380),256,50,0.04509470006451011,0.7291923998855054,0.37193029979243875,520
EC-LWE (RFC9380),512,1,0.045274100266397,1.4461348000913858,0.7472195997834206,1040
EC-LWE (RFC9380),512,2,0.04304220015183091,1.4496487001888454,0.6994509999640286,1040
EC-LWE (RFC9380),512,3,0.04530460014939308,1.4425877002067864,0.7495797001756728,1040
EC-LWE (RFC9380),512,4,0.04652420012280345,1.4479058999568224,0.745210699737072,1040
EC-LWE (RFC9380),512,5,0.04514280008152127,1.4460955997928977,0.7161504002287984,1040
EC-LWE (RFC9380),512,6,0.04311199998483062,1.4429887002333999,0.71593700023368,1040
EC-LWE (RFC9380),512,7,0.04521699994802475,1.4329159003682435,0.7334089996293187,1040
EC-LWE (RFC9380),512,8,0.044754600152373314,1.4458083002828062,0.7372095002792776,1040
EC-LWE (RFC9380),512,9,0.04508630000054836,1.4393140999600291,0.7263837000355124,1040
EC-LWE (RFC9380),512,10,0.04555759998038411,1.4520779000595212,0.7429116000421345,1040
EC-LWE (RFC9380),512,11,0.045497599989175797,1.467924800235778,0.7370289000682533,1040
EC-LWE (RFC9380),512,12,0.045100499875843525,1.462983500212431,0.7391732996329665,1040
EC-LWE (RFC9380),512,13,0.04627600032836199,1.4418488000519574,0.753749500028789,1040
EC-LWE (RFC9380),512,14,0.04429809981957078,1.4469610000960529,0.7247607000172138,1040
EC-LWE (RFC9380),512,15,0.0450569000095129,1.4443161999806762,0.7428323002532125,1040
EC-LWE (RFC9380),512,16,0.04330220026895404,1.4497175998985767,0.7177256001159549,1040
EC-LWE (RFC9380),512,17,0.044641700107604265,1.431568699888885,0.7252381001599133,1040
EC-LWE (RFC9380),512,18,0.047263599932193756,1.4554372001439333,0.7328758002258837,1040
EC-LWE (RFC9380),512,19,0.042863599956035614,1.4337752000428736,0.7067189998924732,1040
EC-LWE (RFC9380),512,20,0.04575149994343519,1.4587150998413563,0.7397898999042809,1040
EC-LWE (RFC9380),512,21,0.04515679972246289,1.4532415000721812,0.7375432997941971,1040
EC-LWE (RFC9380),512,22,0.04508139984682202,1.4372145999222994,0.76874820003286,1040
EC-LWE (RFC9380),512,23,0.04354659980162978,1.4531560000032187,0.713376899715513,1040
EC-LWE (RFC9380),512,24,0.04436870012432337,1.449592299759388,0.7299595000222325,1040
EC-LWE (RFC9380),512,25,0.0454714996740222,1.453354500234127,0.7440753998234868,1040
EC-LWE (RFC9380),512,26,0.044198399875313044,1.439077400136739,0.7280701999552548,1040
EC-LWE (RFC9380),512,27,0.04478050023317337,1.4471618002280593,0.7343060998246074,1040
EC-LWE (RFC9380),512,28,0.044406000059098005,1.4282639003358781,0.7322352002374828,1040
EC-LWE (RFC9380),512,29,0.044772000052034855,1.4426808999851346,0.7265826999209821,1040
EC-LWE (RFC9380),512,30,0.044963699765503407,1.4334622998721898,0.7373884003609419,1040
EC-LWE (RFC9380),512,31,0.04441649978980422,1.4803508999757469,0.7126389001496136,1040
EC-LWE (RFC9380),512,32,0.04258750006556511,1.4391229003667831,0.706368800252676,1040
EC-LWE (RFC9380),512,33,0.04573860019445419,1.4796901000663638,0.7600150997750461,1040
EC-LWE (RFC9380),512,34,0.04522689990699291,1.4386577997356653,0.7460817997343838,1040
EC-LWE (RFC9380),512,35,0.04465749999508262,1.4513839003629982,0.7217943002469838,1040
EC-LWE (RFC9380),512,36,0.04576929984614253,1.4574305000714958,0.7484130002558231,1040
EC-LWE (RFC9380),512,37,0.045961800031363964,1.448144500143826,0.7421372998505831,1040
EC-LWE (RFC9380),512,38,0.04469080036506057,1.460376899689436,0.7361643998883665,1040
EC-LWE (RFC9380),512,39,0.044116499833762646,1.4497309001162648,0.7294017001986504,1040
EC-LWE (RFC9380),512,40,0.04633349971845746,1.4479534002020955,0.7579216999001801,1040
EC-LWE (RFC9380),512,41,0.04478399967774749,1.4635552996769547,0.7151285000145435,1040
EC-LWE (RFC9380),512,42,0.044909399934113026,1.4505221997387707,0.7394048999994993,1040
EC-LWE (RFC9380),512,43,0.044738299679011106,1.4830940002575517,0.7205713000148535,1040
EC-LWE (RFC9380),512,44,0.04413870023563504,1.4508203999139369,0.7229263000190258,1040
EC-LWE (RFC9380),512,45,0.04430829966440797,1.462434499990195,0.721401400398463,1040
EC-LWE (RFC9380),512,46,0.042733300011605024,1.4501738999970257,0.70663410006091,1040
EC-LWE (RFC9380),512,47,0.04590810043737292,1.4404985001310706,0.7421777998097241,1040
EC-LWE (RFC9380),512,48,0.04347330005839467,1.4719491000287235,0.7140645999461412,1040
EC-LWE (RFC9380),512,49,0.044099700171500444,1.473845100030303,0.7106782998889685,1040
EC-LWE (RFC9380),512,50,0.053455499932169914,1.489128699991852,0.7331473999656737,1040
EC-LWE (RFC9380),1024,1,0.04537450009956956,2.9130146000534296,1.4435111000202596,2080
EC-LWE (RFC9380),1024,2,0.04375090030953288,2.929326799698174,1.4348406000062823,2080
EC-LWE (RFC9380),1024,3,0.04732669983059168,2.8990856003947556,1.517102099955082,2080
EC-LWE (RFC9380),1024,4,0.043446799740195274,2.9086613999679685,1.43862110003829,2080
EC-LWE (RFC9380),1024,5,0.04394229967147112,2.8964458000846207,1.4295208002440631,2080
EC-LWE (RFC9380),1024,6,0.043929800391197205,2.902238800190389,1.4443230000324547,2080
EC-LWE (RFC9380),1024,7,0.04365219967439771,2.8946322998963296,1.4313933998346329,2080
EC-LWE (RFC9380),1024,8,0.046995900105684996,2.906992200296372,1.4989216001704335,2080
EC-LWE (RFC9380),1024,9,0.04299189988523722,2.9071311997249722,1.4196631000377238,2080
EC-LWE (RFC9380),1024,10,0.04552659997716546,2.9186865999363363,1.493389000184834,2080
EC-LWE (RFC9380),1024,11,0.04545739991590381,2.940509400330484,1.4829032002016902,2080
EC-LWE (RFC9380),1024,12,0.044246799778193235,2.9133810000494123,1.4231973998248577,2080
EC-LWE (RFC9380),1024,13,0.044858799781650305,2.9401588002219796,1.470672500319779,2080
EC-LWE (RFC9380),1024,14,0.04433649964630604,2.9153082999400795,1.4570114999078214,2080
EC-LWE (RFC9380),1024,15,0.04394879983738065,2.8895552000030875,1.441074900329113,2080
EC-LWE (RFC9380),1024,16,0.04340930003672838,2.8973126001656055,1.4544816999696195,2080
EC-LWE (RFC9380),1024,17,0.06333469972014427,6.030299700330943,4.667470599990338,2080
EC-LWE (RFC9380),1024,18,0.14102339977398515,7.298576899804175,2.7279611001722515,2080
EC-LWE (RFC9380),1024,19,0.08218340016901493,5.944939999841154,3.0123385000042617,2080
EC-LWE (RFC9380),1024,20,0.0703109996393323,5.608248900156468,2.6584078003652394,2080
EC-LWE (RFC9380),1024,21,0.10234500002115965,5.866939099971205,2.933312900364399,2080
EC-LWE (RFC9380),1024,22,0.068359499797225,5.571813799906522,2.774590200278908,2080
EC-LWE (RFC9380),1024,23,0.08178259991109371,5.49351519998163,2.6964290998876095,2080
EC-LWE (RFC9380),1024,24,0.07792149996384978,5.018566499929875,2.550992500036955,2080
EC-LWE (RFC9380),1024,25,0.07035949965938926,4.877507199998945,2.431862900033593,2080
EC-LWE (RFC9380),1024,26,0.07553069991990924,5.069741400424391,2.3656672998331487,2080
EC-LWE (RFC9380),1024,27,0.06736139999702573,5.167562200222164,2.8283504000864923,2080
EC-LWE (RFC9380),1024,28,0.0898622996173799,4.905133799649775,2.7094168001785874,2080
EC-LWE (RFC9380),1024,29,0.0693741999566555,6.375206200405955,3.567954200319946,2080
EC-LWE (RFC9380),1024,30,0.10604370012879372,6.752545999828726,3.42509389994666,2080
EC-LWE (RFC9380),1024,31,0.11128189973533154,6.747964800335467,3.4672348997555673,2080
EC-LWE (RFC9380),1024,32,0.10503380000591278,6.792797300033271,3.3899491000920534,2080
EC-LWE (RFC9380),1024,33,0.08498070016503334,6.7008784003555775,3.3631140999495983,2080
EC-LWE (RFC9380),1024,34,0.11451120022684336,6.00186779955402,2.8378813001327217,2080
EC-LWE (RFC9380),1024,35,0.07983849989250302,5.314859299920499,2.722439399920404,2080
EC-LWE (RFC9380),1024,36,0.07914280006662011,5.547801500186324,2.8609527996741235,2080
EC-LWE (RFC9380),1024,37,0.08216320024803281,5.8220028998330235,2.9008600995875895,2080
EC-LWE (RFC9380),1024,38,0.0898170000873506,5.518148399889469,2.787683099973947,2080
EC-LWE (RFC9380),1024,39,0.08501000003889203,4.593494799919426,2.7416380997747183,2080
EC-LWE (RFC9380),1024,40,0.10019070003181696,5.828979399986565,2.908478899858892,2080
EC-LWE (RFC9380),1024,41,0.10257109999656677,5.602656600065529,2.916961300186813,2080
EC-LWE (RFC9380),1024,42,0.07934010028839111,5.715793199837208,2.8119935002177954,2080
EC-LWE (RFC9380),1024,43,0.09032020019367337,5.452986100222915,2.8722255998291075,2080
EC-LWE (RFC9380),1024,44,0.10077039990574121,5.628357700072229,2.665277600288391,2080
EC-LWE (RFC9380),1024,45,0.07601150032132864,5.586380199994892,2.8166065998375416,2080
EC-LWE (RFC9380),1024,46,0.07812000019475818,5.404082000255585,2.2275899001397192,2080
EC-LWE (RFC9380),1024,47,0.07908269995823503,5.933939900249243,2.709751700051129,2080
EC-LWE (RFC9380),1024,48,0.08399199973791838,5.5272166999056935,2.8346923999488354,2080
EC-LWE (RFC9380),1024,49,0.0906980000436306,4.681984300259501,1.6715167998336256,2080
EC-LWE (RFC9380),1024,50,0.0493283998221159,3.2532975003123283,1.4353819000534713,2080
